[{"id":3194888,"name":"misconduct","section":"project-12268","created_at":"2021-10-18T02:13:25.550Z","user_id":1346129,"comment_id":3572277,"taggable_id":68962079,"taggable_type":"Subject","project_id":12268,"user_login":"LimaZulu"},{"id":3202732,"name":"awkward","section":"project-12268","created_at":"2021-10-21T15:20:40.959Z","user_id":2076336,"comment_id":3581112,"taggable_id":68962035,"taggable_type":"Subject","project_id":12268,"user_login":"bogden"},{"id":3235557,"name":"specialattendee","section":"project-12268","created_at":"2021-11-04T11:53:19.108Z","user_id":2076336,"comment_id":3616967,"taggable_id":69736483,"taggable_type":"Subject","project_id":12268,"user_login":"bogden"},{"id":3246389,"name":"deceptivewriting","section":"project-12268","created_at":"2021-11-09T17:46:05.105Z","user_id":2076336,"comment_id":3627834,"taggable_id":69734396,"taggable_type":"Subject","project_id":12268,"user_login":"bogden"},{"id":3247952,"name":"deceptivewriting","section":"project-12268","created_at":"2021-11-10T11:17:31.896Z","user_id":367,"comment_id":3629424,"taggable_id":69734388,"taggable_type":"Subject","project_id":12268,"user_login":"sk001"},{"id":3250226,"name":"deceptivewriting","section":"project-12268","created_at":"2021-11-11T10:44:57.295Z","user_id":2076336,"comment_id":3627009,"taggable_id":69734380,"taggable_type":"Subject","project_id":12268,"user_login":"bogden"},{"id":3253403,"name":"picturesandportraits","section":"project-12268","created_at":"2021-11-12T17:11:53.650Z","user_id":2096251,"comment_id":3634753,"taggable_id":69734390,"taggable_type":"Subject","project_id":12268,"user_login":"NorthernStar77"},{"id":3263450,"name":"royalvisit","section":"project-12268","created_at":"2021-11-16T17:30:25.681Z","user_id":2096251,"comment_id":3645182,"taggable_id":69734670,"taggable_type":"Subject","project_id":12268,"user_login":"NorthernStar77"},{"id":3264269,"name":"bilharzia","section":"project-12268","created_at":"2021-11-17T01:07:17.439Z","user_id":1346129,"comment_id":3645990,"taggable_id":69734976,"taggable_type":"Subject","project_id":12268,"user_login":"LimaZulu"},{"id":3265065,"name":"specialattendee","section":"project-12268","created_at":"2021-11-17T12:44:32.942Z","user_id":2076336,"comment_id":3646919,"taggable_id":69734668,"taggable_type":"Subject","project_id":12268,"user_login":"bogden"},{"id":3265069,"name":"specialattendee","section":"project-12268","created_at":"2021-11-17T12:44:52.972Z","user_id":2076336,"comment_id":3646923,"taggable_id":69734673,"taggable_type":"Subject","project_id":12268,"user_login":"bogden"},{"id":3265490,"name":"specialattendee","section":"project-12268","created_at":"2021-11-17T16:15:02.820Z","user_id":2076336,"comment_id":3647395,"taggable_id":null,"taggable_type":null,"project_id":12268,"user_login":"bogden"},{"id":3265500,"name":"extra_item","section":"project-12268","created_at":"2021-11-17T16:21:53.324Z","user_id":2076336,"comment_id":3647406,"taggable_id":69734664,"taggable_type":"Subject","project_id":12268,"user_login":"bogden"},{"id":3265580,"name":"meetings","section":"project-12268","created_at":"2021-11-17T17:12:38.138Z","user_id":2008708,"comment_id":3647536,"taggable_id":69734696,"taggable_type":"Subject","project_id":12268,"user_login":"Philippa25"},{"id":3266651,"name":"help","section":"project-12268","created_at":"2021-11-18T02:29:23.448Z","user_id":2328867,"comment_id":3648640,"taggable_id":69734702,"taggable_type":"Subject","project_id":12268,"user_login":"KDearborn"},{"id":3266668,"name":"deceptivewriting","section":"project-12268","created_at":"2021-11-18T02:54:20.221Z","user_id":221791,"comment_id":3648660,"taggable_id":69736488,"taggable_type":"Subject","project_id":12268,"user_login":"rfh121"},{"id":3267412,"name":"different","section":"project-12268","created_at":"2021-11-18T12:36:08.320Z","user_id":1734751,"comment_id":3649468,"taggable_id":69735446,"taggable_type":"Subject","project_id":12268,"user_login":"Valham"},{"id":3267981,"name":"gifts","section":"project-12268","created_at":"2021-11-18T16:19:35.287Z","user_id":2096251,"comment_id":3650019,"taggable_id":69734401,"taggable_type":"Subject","project_id":12268,"user_login":"NorthernStar77"},{"id":3268995,"name":"coronation-medal","section":"project-12268","created_at":"2021-11-19T00:21:25.876Z","user_id":1243838,"comment_id":3650984,"taggable_id":69734408,"taggable_type":"Subject","project_id":12268,"user_login":"marie.eklidvirginmedia.com"},{"id":3269617,"name":"nonstandardpage","section":"project-12268","created_at":"2021-11-19T09:35:47.601Z","user_id":221791,"comment_id":3651715,"taggable_id":69736493,"taggable_type":"Subject","project_id":12268,"user_login":"rfh121"},{"id":3269707,"name":"nonstandardpage","section":"project-12268","created_at":"2021-11-19T10:39:35.858Z","user_id":2076336,"comment_id":3651794,"taggable_id":69734704,"taggable_type":"Subject","project_id":12268,"user_login":"bogden"},{"id":3269737,"name":"complexlayout","section":"project-12268","created_at":"2021-11-19T10:55:52.906Z","user_id":221791,"comment_id":3651863,"taggable_id":69736495,"taggable_type":"Subject","project_id":12268,"user_login":"rfh121"},{"id":3269931,"name":"nonstandardpage","section":"project-12268","created_at":"2021-11-19T12:20:28.495Z","user_id":2084768,"comment_id":3652077,"taggable_id":69736495,"taggable_type":"Subject","project_id":12268,"user_login":"tna_ls"},{"id":3270321,"name":"inpension","section":"project-12268","created_at":"2021-11-19T15:45:17.735Z","user_id":2008708,"comment_id":3652506,"taggable_id":69734759,"taggable_type":"Subject","project_id":12268,"user_login":"Philippa25"},{"id":3270330,"name":"nonstandardpage","section":"project-12268","created_at":"2021-11-19T15:49:52.483Z","user_id":2076336,"comment_id":3652514,"taggable_id":69734975,"taggable_type":"Subject","project_id":12268,"user_login":"bogden"},{"id":3270367,"name":"nonstandardpage","section":"project-12268","created_at":"2021-11-19T16:03:50.771Z","user_id":2076336,"comment_id":3652559,"taggable_id":69734702,"taggable_type":"Subject","project_id":12268,"user_login":"bogden"},{"id":3271546,"name":"coronation-medal","section":"project-12268","created_at":"2021-11-19T23:21:43.609Z","user_id":1243838,"comment_id":3653789,"taggable_id":69734406,"taggable_type":"Subject","project_id":12268,"user_login":"marie.eklidvirginmedia.com"},{"id":3272072,"name":"tricky-writing","section":"project-12268","created_at":"2021-11-20T08:26:01.481Z","user_id":1346129,"comment_id":3654358,"taggable_id":69736480,"taggable_type":"Subject","project_id":12268,"user_login":"LimaZulu"},{"id":3272074,"name":"tricky-writing","section":"project-12268","created_at":"2021-11-20T08:29:39.230Z","user_id":1346129,"comment_id":3654362,"taggable_id":69736480,"taggable_type":"Subject","project_id":12268,"user_login":"LimaZulu"},{"id":3273804,"name":"victoria-cross","section":"project-12268","created_at":"2021-11-20T21:21:50.106Z","user_id":1243838,"comment_id":3655986,"taggable_id":69734413,"taggable_type":"Subject","project_id":12268,"user_login":"marie.eklidvirginmedia.com"},{"id":3274876,"name":"nonstandardpage","section":"project-12268","created_at":"2021-11-21T10:05:14.707Z","user_id":221791,"comment_id":3656910,"taggable_id":69736497,"taggable_type":"Subject","project_id":12268,"user_login":"rfh121"},{"id":3274943,"name":"nonstandardpage","section":"project-12268","created_at":"2021-11-21T10:36:26.591Z","user_id":221791,"comment_id":3656959,"taggable_id":69736500,"taggable_type":"Subject","project_id":12268,"user_login":"rfh121"},{"id":3275483,"name":"nonstandardpage","section":"project-12268","created_at":"2021-11-21T16:16:53.703Z","user_id":221791,"comment_id":3657552,"taggable_id":69736504,"taggable_type":"Subject","project_id":12268,"user_login":"rfh121"},{"id":3276721,"name":"help","section":"project-12268","created_at":"2021-11-21T23:44:28.326Z","user_id":221791,"comment_id":3658808,"taggable_id":69736510,"taggable_type":"Subject","project_id":12268,"user_login":"rfh121"},{"id":3276784,"name":"tricky-writing","section":"project-12268","created_at":"2021-11-22T00:37:52.669Z","user_id":221791,"comment_id":3658882,"taggable_id":69736423,"taggable_type":"Subject","project_id":12268,"user_login":"rfh121"},{"id":3277070,"name":"specialattendee","section":"project-12268","created_at":"2021-11-22T03:38:48.764Z","user_id":2388746,"comment_id":3659236,"taggable_id":69734796,"taggable_type":"Subject","project_id":12268,"user_login":"possumIB"},{"id":3277385,"name":"tricky-writing","section":"project-12268","created_at":"2021-11-22T08:06:27.258Z","user_id":2388746,"comment_id":3659561,"taggable_id":69734802,"taggable_type":"Subject","project_id":12268,"user_login":"possumIB"},{"id":3277852,"name":"specialattendee","section":"project-12268","created_at":"2021-11-22T11:35:00.891Z","user_id":2076336,"comment_id":3660000,"taggable_id":69736500,"taggable_type":"Subject","project_id":12268,"user_login":"bogden"},{"id":3277855,"name":"specialattendee","section":"project-12268","created_at":"2021-11-22T11:36:38.893Z","user_id":2076336,"comment_id":3660004,"taggable_id":69736497,"taggable_type":"Subject","project_id":12268,"user_login":"bogden"},{"id":3277866,"name":"correction","section":"project-12268","created_at":"2021-11-22T11:45:22.320Z","user_id":2076336,"comment_id":3660025,"taggable_id":69734438,"taggable_type":"Subject","project_id":12268,"user_login":"bogden"},{"id":3277881,"name":"tables","section":"project-12268","created_at":"2021-11-22T11:55:20.096Z","user_id":2076336,"comment_id":3660042,"taggable_id":69735037,"taggable_type":"Subject","project_id":12268,"user_login":"bogden"},{"id":3277972,"name":"deceptivewriting","section":"project-12268","created_at":"2021-11-22T12:52:25.498Z","user_id":2076336,"comment_id":3660144,"taggable_id":69734759,"taggable_type":"Subject","project_id":12268,"user_login":"bogden"},{"id":3277994,"name":"tables","section":"project-12268","created_at":"2021-11-22T12:58:44.710Z","user_id":2076336,"comment_id":3660167,"taggable_id":69734939,"taggable_type":"Subject","project_id":12268,"user_login":"bogden"},{"id":3277999,"name":"correction","section":"project-12268","created_at":"2021-11-22T13:01:15.293Z","user_id":2076336,"comment_id":3660172,"taggable_id":69735470,"taggable_type":"Subject","project_id":12268,"user_login":"bogden"},{"id":3278005,"name":"nonstandardpage","section":"project-12268","created_at":"2021-11-22T13:07:34.488Z","user_id":2076336,"comment_id":3660180,"taggable_id":69736510,"taggable_type":"Subject","project_id":12268,"user_login":"bogden"},{"id":3278036,"name":"tables","section":"project-12268","created_at":"2021-11-22T13:36:34.923Z","user_id":2076336,"comment_id":3660222,"taggable_id":69734802,"taggable_type":"Subject","project_id":12268,"user_login":"bogden"},{"id":3278178,"name":"grievances","section":"project-12268","created_at":"2021-11-22T14:22:11.299Z","user_id":1346129,"comment_id":3660328,"taggable_id":69736455,"taggable_type":"Subject","project_id":12268,"user_login":"LimaZulu"},{"id":3278179,"name":"united-government-workers-federation","section":"project-12268","created_at":"2021-11-22T14:22:11.301Z","user_id":1346129,"comment_id":3660328,"taggable_id":69736455,"taggable_type":"Subject","project_id":12268,"user_login":"LimaZulu"},{"id":3278202,"name":"nonstandardpage","section":"project-12268","created_at":"2021-11-22T14:31:11.884Z","user_id":221791,"comment_id":3660354,"taggable_id":69736425,"taggable_type":"Subject","project_id":12268,"user_login":"rfh121"},{"id":3278263,"name":"correction","section":"project-12268","created_at":"2021-11-22T14:47:14.900Z","user_id":1243838,"comment_id":3660413,"taggable_id":69734438,"taggable_type":"Subject","project_id":12268,"user_login":"marie.eklidvirginmedia.com"},{"id":3278997,"name":"nonstandardpage","section":"project-12268","created_at":"2021-11-22T18:52:37.734Z","user_id":221791,"comment_id":3661164,"taggable_id":69736426,"taggable_type":"Subject","project_id":12268,"user_login":"rfh121"},{"id":3280494,"name":"nonstandardpage","section":"project-12268","created_at":"2021-11-23T09:28:46.665Z","user_id":221791,"comment_id":3662704,"taggable_id":69736433,"taggable_type":"Subject","project_id":12268,"user_login":"rfh121"},{"id":3280854,"name":"peacock-complaint","section":"project-12268","created_at":"2021-11-23T13:23:15.293Z","user_id":1346129,"comment_id":3663108,"taggable_id":69736438,"taggable_type":"Subject","project_id":12268,"user_login":"LimaZulu"},{"id":3281158,"name":"surname","section":"project-12268","created_at":"2021-11-23T16:43:31.367Z","user_id":2008708,"comment_id":3663478,"taggable_id":69735020,"taggable_type":"Subject","project_id":12268,"user_login":"Philippa25"},{"id":3282501,"name":"specialattendee","section":"project-12268","created_at":"2021-11-24T06:26:13.621Z","user_id":2388746,"comment_id":3664809,"taggable_id":69734834,"taggable_type":"Subject","project_id":12268,"user_login":"possumIB"},{"id":3282507,"name":"specialattendee","section":"project-12268","created_at":"2021-11-24T06:31:06.789Z","user_id":2388746,"comment_id":3664815,"taggable_id":69734836,"taggable_type":"Subject","project_id":12268,"user_login":"possumIB"},{"id":3282642,"name":"peace-celebration","section":"project-12268","created_at":"2021-11-24T09:06:30.888Z","user_id":1346129,"comment_id":3664984,"taggable_id":69736444,"taggable_type":"Subject","project_id":12268,"user_login":"LimaZulu"},{"id":3284373,"name":"nonstandardpage","section":"project-12268","created_at":"2021-11-24T23:15:20.520Z","user_id":221791,"comment_id":3666657,"taggable_id":69736434,"taggable_type":"Subject","project_id":12268,"user_login":"rfh121"},{"id":3287238,"name":"nonstandardpage","section":"project-12268","created_at":"2021-11-26T14:15:43.506Z","user_id":2076336,"comment_id":3669578,"taggable_id":69735496,"taggable_type":"Subject","project_id":12268,"user_login":"bogden"},{"id":3287244,"name":"nonstandardpage","section":"project-12268","created_at":"2021-11-26T14:22:51.285Z","user_id":2076336,"comment_id":3669584,"taggable_id":69734516,"taggable_type":"Subject","project_id":12268,"user_login":"bogden"},{"id":3287273,"name":"deceptivewriting","section":"project-12268","created_at":"2021-11-26T14:47:58.012Z","user_id":2076336,"comment_id":3669617,"taggable_id":69735020,"taggable_type":"Subject","project_id":12268,"user_login":"bogden"},{"id":3288849,"name":"deceptivewriting","section":"project-12268","created_at":"2021-11-27T11:07:18.384Z","user_id":221791,"comment_id":3671239,"taggable_id":69736447,"taggable_type":"Subject","project_id":12268,"user_login":"rfh121"},{"id":3288850,"name":"tricky-writing","section":"project-12268","created_at":"2021-11-27T11:07:18.386Z","user_id":221791,"comment_id":3671239,"taggable_id":69736447,"taggable_type":"Subject","project_id":12268,"user_login":"rfh121"},{"id":3289595,"name":"correction","section":"project-12268","created_at":"2021-11-27T18:02:20.550Z","user_id":1243838,"comment_id":3671953,"taggable_id":69734881,"taggable_type":"Subject","project_id":12268,"user_login":"marie.eklidvirginmedia.com"},{"id":3289596,"name":"insane-case","section":"project-12268","created_at":"2021-11-27T18:02:20.562Z","user_id":1243838,"comment_id":3671953,"taggable_id":69734881,"taggable_type":"Subject","project_id":12268,"user_login":"marie.eklidvirginmedia.com"},{"id":3289604,"name":"misconduct","section":"project-12268","created_at":"2021-11-27T18:06:49.143Z","user_id":221791,"comment_id":3671960,"taggable_id":69736448,"taggable_type":"Subject","project_id":12268,"user_login":"rfh121"},{"id":3289996,"name":"insane-case","section":"project-12268","created_at":"2021-11-27T22:28:22.681Z","user_id":1243838,"comment_id":3672374,"taggable_id":69734883,"taggable_type":"Subject","project_id":12268,"user_login":"marie.eklidvirginmedia.com"},{"id":3292254,"name":"memorial-cross","section":"project-12268","created_at":"2021-11-28T22:35:41.017Z","user_id":1243838,"comment_id":3674447,"taggable_id":69734904,"taggable_type":"Subject","project_id":12268,"user_login":"marie.eklidvirginmedia.com"},{"id":3293115,"name":"correction","section":"project-12268","created_at":"2021-11-29T10:03:46.809Z","user_id":2076336,"comment_id":3675250,"taggable_id":69736424,"taggable_type":"Subject","project_id":12268,"user_login":"bogden"},{"id":3293151,"name":"correction","section":"project-12268","created_at":"2021-11-29T10:33:59.946Z","user_id":2076336,"comment_id":3675293,"taggable_id":69734455,"taggable_type":"Subject","project_id":12268,"user_login":"bogden"},{"id":3293161,"name":"nonstandardpage","section":"project-12268","created_at":"2021-11-29T10:49:32.999Z","user_id":2076336,"comment_id":3675317,"taggable_id":69735598,"taggable_type":"Subject","project_id":12268,"user_login":"bogden"},{"id":3293180,"name":"correction","section":"project-12268","created_at":"2021-11-29T11:05:23.045Z","user_id":2076336,"comment_id":3675339,"taggable_id":69735312,"taggable_type":"Subject","project_id":12268,"user_login":"bogden"},{"id":3293249,"name":"tables","section":"project-12268","created_at":"2021-11-29T11:42:44.285Z","user_id":2076336,"comment_id":3675416,"taggable_id":69734873,"taggable_type":"Subject","project_id":12268,"user_login":"bogden"},{"id":3293856,"name":"unclear","section":"project-12268","created_at":"2021-11-29T16:31:17.960Z","user_id":321059,"comment_id":3676022,"taggable_id":69735512,"taggable_type":"Subject","project_id":12268,"user_login":"edemars"},{"id":3295524,"name":"nonstandardpage","section":"project-12268","created_at":"2021-11-30T10:05:01.424Z","user_id":2076336,"comment_id":3677692,"taggable_id":null,"taggable_type":null,"project_id":12268,"user_login":"bogden"},{"id":3295525,"name":"tables","section":"project-12268","created_at":"2021-11-30T10:05:01.427Z","user_id":2076336,"comment_id":3677692,"taggable_id":null,"taggable_type":null,"project_id":12268,"user_login":"bogden"},{"id":3295742,"name":"specialattendee","section":"project-12268","created_at":"2021-11-30T13:25:33.630Z","user_id":2076336,"comment_id":3677959,"taggable_id":69735328,"taggable_type":"Subject","project_id":12268,"user_login":"bogden"},{"id":3295743,"name":"deceptivewriting","section":"project-12268","created_at":"2021-11-30T13:25:33.632Z","user_id":2076336,"comment_id":3677959,"taggable_id":69735328,"taggable_type":"Subject","project_id":12268,"user_login":"bogden"},{"id":3296690,"name":"insane-case","section":"project-12268","created_at":"2021-11-30T20:40:47.539Z","user_id":1243838,"comment_id":3679038,"taggable_id":69734512,"taggable_type":"Subject","project_id":12268,"user_login":"marie.eklidvirginmedia.com"},{"id":3296843,"name":"coronation-events","section":"project-12268","created_at":"2021-11-30T22:05:18.176Z","user_id":1243838,"comment_id":3679262,"taggable_id":69734931,"taggable_type":"Subject","project_id":12268,"user_login":"marie.eklidvirginmedia.com"},{"id":3296850,"name":"coronation-events","section":"project-12268","created_at":"2021-11-30T22:06:36.539Z","user_id":1243838,"comment_id":3679092,"taggable_id":69734928,"taggable_type":"Subject","project_id":12268,"user_login":"marie.eklidvirginmedia.com"},{"id":3298507,"name":"nonstandardpage","section":"project-12268","created_at":"2021-12-01T17:06:44.962Z","user_id":2076336,"comment_id":3681043,"taggable_id":69734931,"taggable_type":"Subject","project_id":12268,"user_login":"bogden"},{"id":3298508,"name":"split-items","section":"project-12268","created_at":"2021-12-01T17:06:44.964Z","user_id":2076336,"comment_id":3681043,"taggable_id":69734931,"taggable_type":"Subject","project_id":12268,"user_login":"bogden"},{"id":3299012,"name":"coronation-japanese","section":"project-12268","created_at":"2021-12-01T22:26:47.225Z","user_id":1243838,"comment_id":3681690,"taggable_id":69734971,"taggable_type":"Subject","project_id":12268,"user_login":"marie.eklidvirginmedia.com"},{"id":3299494,"name":"triumphal-march","section":"project-12268","created_at":"2021-12-02T04:32:14.430Z","user_id":1346129,"comment_id":3682099,"taggable_id":69736407,"taggable_type":"Subject","project_id":12268,"user_login":"LimaZulu"},{"id":3299495,"name":"aid-of-blinded-sailors-and-soldiers","section":"project-12268","created_at":"2021-12-02T04:32:14.432Z","user_id":1346129,"comment_id":3682099,"taggable_id":69736407,"taggable_type":"Subject","project_id":12268,"user_login":"LimaZulu"},{"id":3299507,"name":"gallant-conduct","section":"project-12268","created_at":"2021-12-02T04:52:40.748Z","user_id":1346129,"comment_id":3568451,"taggable_id":68962068,"taggable_type":"Subject","project_id":12268,"user_login":"LimaZulu"},{"id":3300449,"name":"extraordinary_meeting","section":"project-12268","created_at":"2021-12-02T15:23:01.733Z","user_id":2076336,"comment_id":3683086,"taggable_id":69735783,"taggable_type":"Subject","project_id":12268,"user_login":"bogden"},{"id":3302065,"name":"penalties","section":"project-12268","created_at":"2021-12-03T10:44:49.873Z","user_id":2076336,"comment_id":3684914,"taggable_id":69736415,"taggable_type":"Subject","project_id":12268,"user_login":"bogden"},{"id":3302085,"name":"tricky-writing","section":"project-12268","created_at":"2021-12-03T11:02:22.502Z","user_id":2076336,"comment_id":3684947,"taggable_id":69734529,"taggable_type":"Subject","project_id":12268,"user_login":"bogden"},{"id":3302567,"name":"footnotes","section":"project-12268","created_at":"2021-12-03T15:40:00.136Z","user_id":2076336,"comment_id":3685428,"taggable_id":68962030,"taggable_type":"Subject","project_id":12268,"user_login":"bogden"},{"id":3302569,"name":"footnotes","section":"project-12268","created_at":"2021-12-03T15:40:51.317Z","user_id":2076336,"comment_id":3685433,"taggable_id":69734601,"taggable_type":"Subject","project_id":12268,"user_login":"bogden"},{"id":3302583,"name":"nonstandardpage","section":"project-12268","created_at":"2021-12-03T15:54:57.914Z","user_id":2076336,"comment_id":3685453,"taggable_id":69735029,"taggable_type":"Subject","project_id":12268,"user_login":"bogden"},{"id":3302584,"name":"tables","section":"project-12268","created_at":"2021-12-03T15:54:57.916Z","user_id":2076336,"comment_id":3685453,"taggable_id":69735029,"taggable_type":"Subject","project_id":12268,"user_login":"bogden"},{"id":3302659,"name":"different_rank","section":"project-12268","created_at":"2021-12-03T16:32:24.899Z","user_id":2076336,"comment_id":3685549,"taggable_id":69736240,"taggable_type":"Subject","project_id":12268,"user_login":"bogden"},{"id":3302869,"name":"different_rank","section":"project-12268","created_at":"2021-12-03T18:14:54.893Z","user_id":2402162,"comment_id":3685772,"taggable_id":69735036,"taggable_type":"Subject","project_id":12268,"user_login":"franDec21"},{"id":3306545,"name":"insane-case","section":"project-12268","created_at":"2021-12-05T16:17:24.840Z","user_id":1243838,"comment_id":3689788,"taggable_id":69734497,"taggable_type":"Subject","project_id":12268,"user_login":"marie.eklidvirginmedia.com"},{"id":3308401,"name":"different_rank","section":"project-12268","created_at":"2021-12-06T11:03:59.525Z","user_id":2402162,"comment_id":3691709,"taggable_id":69735047,"taggable_type":"Subject","project_id":12268,"user_login":"franDec21"},{"id":3309110,"name":"insane-case","section":"project-12268","created_at":"2021-12-06T18:06:56.382Z","user_id":1243838,"comment_id":3692649,"taggable_id":69734503,"taggable_type":"Subject","project_id":12268,"user_login":"marie.eklidvirginmedia.com"},{"id":3311790,"name":"medals","section":"project-12268","created_at":"2021-12-07T22:09:02.782Z","user_id":1243838,"comment_id":3695718,"taggable_id":69735118,"taggable_type":"Subject","project_id":12268,"user_login":"marie.eklidvirginmedia.com"},{"id":3312062,"name":"tricky-writing","section":"project-12268","created_at":"2021-12-08T00:53:22.179Z","user_id":221791,"comment_id":3696034,"taggable_id":69736473,"taggable_type":"Subject","project_id":12268,"user_login":"rfh121"},{"id":3312144,"name":"complexlayout","section":"project-12268","created_at":"2021-12-08T01:50:14.153Z","user_id":221791,"comment_id":3696110,"taggable_id":69736474,"taggable_type":"Subject","project_id":12268,"user_login":"rfh121"},{"id":3312242,"name":"different_rank","section":"project-12268","created_at":"2021-12-08T03:35:34.727Z","user_id":2388746,"comment_id":3696220,"taggable_id":69735120,"taggable_type":"Subject","project_id":12268,"user_login":"possumIB"},{"id":3312252,"name":"different_rank","section":"project-12268","created_at":"2021-12-08T04:03:43.163Z","user_id":2388746,"comment_id":3696239,"taggable_id":69735122,"taggable_type":"Subject","project_id":12268,"user_login":"possumIB"},{"id":3312333,"name":"different_rank","section":"project-12268","created_at":"2021-12-08T05:09:45.510Z","user_id":2388746,"comment_id":3696345,"taggable_id":69735127,"taggable_type":"Subject","project_id":12268,"user_login":"possumIB"},{"id":3312883,"name":"nonstandardpage","section":"project-12268","created_at":"2021-12-08T10:38:50.007Z","user_id":2076336,"comment_id":3696893,"taggable_id":69735837,"taggable_type":"Subject","project_id":12268,"user_login":"bogden"},{"id":3313754,"name":"insane-case","section":"project-12268","created_at":"2021-12-08T17:52:24.455Z","user_id":1243838,"comment_id":3697920,"taggable_id":69734511,"taggable_type":"Subject","project_id":12268,"user_login":"marie.eklidvirginmedia.com"},{"id":3315003,"name":"different_rank","section":"project-12268","created_at":"2021-12-09T05:29:42.579Z","user_id":2388746,"comment_id":3699240,"taggable_id":69735140,"taggable_type":"Subject","project_id":12268,"user_login":"possumIB"},{"id":3315016,"name":"different_rank","section":"project-12268","created_at":"2021-12-09T05:49:02.173Z","user_id":2388746,"comment_id":3699262,"taggable_id":69735142,"taggable_type":"Subject","project_id":12268,"user_login":"possumIB"},{"id":3315017,"name":"specialattendee","section":"project-12268","created_at":"2021-12-09T05:49:02.176Z","user_id":2388746,"comment_id":3699262,"taggable_id":69735142,"taggable_type":"Subject","project_id":12268,"user_login":"possumIB"},{"id":3315021,"name":"different_rank","section":"project-12268","created_at":"2021-12-09T06:02:26.224Z","user_id":2388746,"comment_id":3699272,"taggable_id":69735144,"taggable_type":"Subject","project_id":12268,"user_login":"possumIB"},{"id":3315024,"name":"different_rank","section":"project-12268","created_at":"2021-12-09T06:21:47.884Z","user_id":2388746,"comment_id":3699282,"taggable_id":69735147,"taggable_type":"Subject","project_id":12268,"user_login":"possumIB"},{"id":3315036,"name":"different_rank","section":"project-12268","created_at":"2021-12-09T06:52:36.348Z","user_id":2388746,"comment_id":3699300,"taggable_id":69735150,"taggable_type":"Subject","project_id":12268,"user_login":"possumIB"},{"id":3315037,"name":"extra_item","section":"project-12268","created_at":"2021-12-09T06:52:36.351Z","user_id":2388746,"comment_id":3699300,"taggable_id":69735150,"taggable_type":"Subject","project_id":12268,"user_login":"possumIB"},{"id":3315281,"name":"specialattendee","section":"project-12268","created_at":"2021-12-09T10:39:35.457Z","user_id":2402162,"comment_id":3699595,"taggable_id":69735147,"taggable_type":"Subject","project_id":12268,"user_login":"franDec21"},{"id":3316372,"name":"insane-case","section":"project-12268","created_at":"2021-12-09T21:08:56.646Z","user_id":1243838,"comment_id":3700838,"taggable_id":69734504,"taggable_type":"Subject","project_id":12268,"user_login":"marie.eklidvirginmedia.com"},{"id":3316629,"name":"different_rank","section":"project-12268","created_at":"2021-12-09T23:22:06.101Z","user_id":2388746,"comment_id":3701104,"taggable_id":69735154,"taggable_type":"Subject","project_id":12268,"user_login":"possumIB"},{"id":3316630,"name":"extra_item","section":"project-12268","created_at":"2021-12-09T23:22:06.103Z","user_id":2388746,"comment_id":3701104,"taggable_id":69735154,"taggable_type":"Subject","project_id":12268,"user_login":"possumIB"},{"id":3316713,"name":"tables","section":"project-12268","created_at":"2021-12-10T00:01:01.719Z","user_id":2388746,"comment_id":3701175,"taggable_id":69735155,"taggable_type":"Subject","project_id":12268,"user_login":"possumIB"},{"id":3317182,"name":"different_rank","section":"project-12268","created_at":"2021-12-10T06:26:22.409Z","user_id":2388746,"comment_id":3701646,"taggable_id":69735158,"taggable_type":"Subject","project_id":12268,"user_login":"possumIB"},{"id":3317193,"name":"different_rank","section":"project-12268","created_at":"2021-12-10T06:44:03.607Z","user_id":2388746,"comment_id":3701662,"taggable_id":69735161,"taggable_type":"Subject","project_id":12268,"user_login":"possumIB"},{"id":3317194,"name":"specialattendee","section":"project-12268","created_at":"2021-12-10T06:44:03.610Z","user_id":2388746,"comment_id":3701662,"taggable_id":69735161,"taggable_type":"Subject","project_id":12268,"user_login":"possumIB"},{"id":3317205,"name":"different_rank","section":"project-12268","created_at":"2021-12-10T06:58:54.968Z","user_id":2388746,"comment_id":3701675,"taggable_id":69735163,"taggable_type":"Subject","project_id":12268,"user_login":"possumIB"},{"id":3317206,"name":"specialattendee","section":"project-12268","created_at":"2021-12-10T06:58:54.970Z","user_id":2388746,"comment_id":3701675,"taggable_id":69735163,"taggable_type":"Subject","project_id":12268,"user_login":"possumIB"},{"id":3317248,"name":"different_rank","section":"project-12268","created_at":"2021-12-10T07:51:59.905Z","user_id":2388746,"comment_id":3701719,"taggable_id":69735167,"taggable_type":"Subject","project_id":12268,"user_login":"possumIB"},{"id":3317249,"name":"specialattendee","section":"project-12268","created_at":"2021-12-10T07:51:59.907Z","user_id":2388746,"comment_id":3701719,"taggable_id":69735167,"taggable_type":"Subject","project_id":12268,"user_login":"possumIB"},{"id":3317324,"name":"extra_item","section":"project-12268","created_at":"2021-12-10T09:24:21.367Z","user_id":2076336,"comment_id":3701791,"taggable_id":69735158,"taggable_type":"Subject","project_id":12268,"user_login":"bogden"},{"id":3317325,"name":"extra_item","section":"project-12268","created_at":"2021-12-10T09:24:39.469Z","user_id":2076336,"comment_id":3701792,"taggable_id":69735161,"taggable_type":"Subject","project_id":12268,"user_login":"bogden"},{"id":3318428,"name":"specialattendee","section":"project-12268","created_at":"2021-12-10T20:49:53.494Z","user_id":1243838,"comment_id":3703163,"taggable_id":69735158,"taggable_type":"Subject","project_id":12268,"user_login":"marie.eklidvirginmedia.com"},{"id":3319147,"name":"moving-for-papers","section":"project-12268","created_at":"2021-12-11T06:55:03.190Z","user_id":1346129,"comment_id":3703837,"taggable_id":69736381,"taggable_type":"Subject","project_id":12268,"user_login":"LimaZulu"},{"id":3319245,"name":"special-attendee","section":"project-12268","created_at":"2021-12-11T08:58:26.774Z","user_id":1346129,"comment_id":3703941,"taggable_id":69735147,"taggable_type":"Subject","project_id":12268,"user_login":"LimaZulu"},{"id":3321464,"name":"special-attendee","section":"project-12268","created_at":"2021-12-12T07:32:27.075Z","user_id":1346129,"comment_id":3705904,"taggable_id":69736364,"taggable_type":"Subject","project_id":12268,"user_login":"LimaZulu"},{"id":3322268,"name":"special-attendee","section":"project-12268","created_at":"2021-12-12T17:11:12.151Z","user_id":1243838,"comment_id":3706688,"taggable_id":69735200,"taggable_type":"Subject","project_id":12268,"user_login":"marie.eklidvirginmedia.com"},{"id":3322505,"name":"special-attendee","section":"project-12268","created_at":"2021-12-12T18:12:52.260Z","user_id":2402162,"comment_id":3706859,"taggable_id":69735197,"taggable_type":"Subject","project_id":12268,"user_login":"franDec21"},{"id":3325856,"name":"extra_item","section":"project-12268","created_at":"2021-12-14T03:17:05.398Z","user_id":2388746,"comment_id":3710138,"taggable_id":69735207,"taggable_type":"Subject","project_id":12268,"user_login":"possumIB"},{"id":3326102,"name":"special-attendee","section":"project-12268","created_at":"2021-12-14T06:54:08.688Z","user_id":1346129,"comment_id":3710374,"taggable_id":69736371,"taggable_type":"Subject","project_id":12268,"user_login":"LimaZulu"},{"id":3327027,"name":"complexlayout","section":"project-12268","created_at":"2021-12-14T17:25:16.507Z","user_id":221791,"comment_id":3711374,"taggable_id":69736475,"taggable_type":"Subject","project_id":12268,"user_login":"rfh121"},{"id":3327123,"name":"complexlayout","section":"project-12268","created_at":"2021-12-14T18:09:05.006Z","user_id":221791,"comment_id":3711455,"taggable_id":69736476,"taggable_type":"Subject","project_id":12268,"user_login":"rfh121"},{"id":3327373,"name":"special-attendee","section":"project-12268","created_at":"2021-12-14T20:46:53.790Z","user_id":1243838,"comment_id":3711780,"taggable_id":69735241,"taggable_type":"Subject","project_id":12268,"user_login":"marie.eklidvirginmedia.com"},{"id":3327415,"name":"special-attendee","section":"project-12268","created_at":"2021-12-14T21:17:23.669Z","user_id":1243838,"comment_id":3711830,"taggable_id":69735244,"taggable_type":"Subject","project_id":12268,"user_login":"marie.eklidvirginmedia.com"},{"id":3327467,"name":"special-attendee","section":"project-12268","created_at":"2021-12-14T22:08:28.002Z","user_id":1243838,"comment_id":3711904,"taggable_id":69735265,"taggable_type":"Subject","project_id":12268,"user_login":"marie.eklidvirginmedia.com"},{"id":3327666,"name":"van_dyk","section":"project-12268","created_at":"2021-12-15T00:32:17.275Z","user_id":2388746,"comment_id":3712172,"taggable_id":69735233,"taggable_type":"Subject","project_id":12268,"user_login":"possumIB"},{"id":3327674,"name":"specialattendee","section":"project-12268","created_at":"2021-12-15T00:49:19.767Z","user_id":2388746,"comment_id":3712197,"taggable_id":69735234,"taggable_type":"Subject","project_id":12268,"user_login":"possumIB"},{"id":3327738,"name":"peacock-complaint","section":"project-12268","created_at":"2021-12-15T01:33:53.782Z","user_id":221791,"comment_id":3712237,"taggable_id":69736438,"taggable_type":"Subject","project_id":12268,"user_login":"rfh121"},{"id":3327839,"name":"deleted_text","section":"project-12268","created_at":"2021-12-15T03:00:27.271Z","user_id":2388746,"comment_id":3712333,"taggable_id":69735239,"taggable_type":"Subject","project_id":12268,"user_login":"possumIB"},{"id":3327869,"name":"different_rank","section":"project-12268","created_at":"2021-12-15T03:27:18.606Z","user_id":2388746,"comment_id":3712364,"taggable_id":69735241,"taggable_type":"Subject","project_id":12268,"user_login":"possumIB"},{"id":3327892,"name":"special-attendee","section":"project-12268","created_at":"2021-12-15T03:49:46.395Z","user_id":2388746,"comment_id":3712406,"taggable_id":69735244,"taggable_type":"Subject","project_id":12268,"user_login":"possumIB"},{"id":3327893,"name":"different_rank","section":"project-12268","created_at":"2021-12-15T03:49:46.398Z","user_id":2388746,"comment_id":3712406,"taggable_id":69735244,"taggable_type":"Subject","project_id":12268,"user_login":"possumIB"},{"id":3329597,"name":"special-attendee","section":"project-12268","created_at":"2021-12-15T21:38:08.637Z","user_id":1243838,"comment_id":3714211,"taggable_id":69735269,"taggable_type":"Subject","project_id":12268,"user_login":"marie.eklidvirginmedia.com"},{"id":3330823,"name":"partial-disabilities","section":"project-12268","created_at":"2021-12-16T13:40:52.680Z","user_id":1346129,"comment_id":3715550,"taggable_id":69735924,"taggable_type":"Subject","project_id":12268,"user_login":"LimaZulu"},{"id":3330824,"name":"amputations","section":"project-12268","created_at":"2021-12-16T13:40:52.684Z","user_id":1346129,"comment_id":3715550,"taggable_id":69735924,"taggable_type":"Subject","project_id":12268,"user_login":"LimaZulu"},{"id":3331590,"name":"special-attendee","section":"project-12268","created_at":"2021-12-16T20:44:45.737Z","user_id":1243838,"comment_id":3716427,"taggable_id":69735274,"taggable_type":"Subject","project_id":12268,"user_login":"marie.eklidvirginmedia.com"},{"id":3331592,"name":"specialattendee","section":"project-12268","created_at":"2021-12-16T20:46:37.783Z","user_id":2402340,"comment_id":3716430,"taggable_id":69735332,"taggable_type":"Subject","project_id":12268,"user_login":"sheila44"},{"id":3331647,"name":"special-attendee","section":"project-12268","created_at":"2021-12-16T21:44:45.681Z","user_id":1243838,"comment_id":3716528,"taggable_id":69735279,"taggable_type":"Subject","project_id":12268,"user_login":"marie.eklidvirginmedia.com"},{"id":3333633,"name":"special-attendee","section":"project-12268","created_at":"2021-12-17T21:13:56.078Z","user_id":1243838,"comment_id":3718737,"taggable_id":69735282,"taggable_type":"Subject","project_id":12268,"user_login":"marie.eklidvirginmedia.com"},{"id":3333709,"name":"special-attendee","section":"project-12268","created_at":"2021-12-17T22:16:02.531Z","user_id":1243838,"comment_id":3718848,"taggable_id":69735297,"taggable_type":"Subject","project_id":12268,"user_login":"marie.eklidvirginmedia.com"},{"id":3333735,"name":"special-attendee","section":"project-12268","created_at":"2021-12-17T22:42:51.228Z","user_id":1243838,"comment_id":3718884,"taggable_id":69735299,"taggable_type":"Subject","project_id":12268,"user_login":"marie.eklidvirginmedia.com"},{"id":3335215,"name":"special-attendee","section":"project-12268","created_at":"2021-12-18T20:04:51.433Z","user_id":1243838,"comment_id":3720322,"taggable_id":69735301,"taggable_type":"Subject","project_id":12268,"user_login":"marie.eklidvirginmedia.com"},{"id":3335244,"name":"special-attendee","section":"project-12268","created_at":"2021-12-18T20:27:54.093Z","user_id":1243838,"comment_id":3720368,"taggable_id":69735304,"taggable_type":"Subject","project_id":12268,"user_login":"marie.eklidvirginmedia.com"},{"id":3335265,"name":"special-attendee","section":"project-12268","created_at":"2021-12-18T20:48:48.453Z","user_id":1243838,"comment_id":3720393,"taggable_id":69735309,"taggable_type":"Subject","project_id":12268,"user_login":"marie.eklidvirginmedia.com"},{"id":3335305,"name":"different_rank","section":"project-12268","created_at":"2021-12-18T21:06:46.785Z","user_id":1243838,"comment_id":3720368,"taggable_id":69735304,"taggable_type":"Subject","project_id":12268,"user_login":"marie.eklidvirginmedia.com"},{"id":3335365,"name":"different_rank","section":"project-12268","created_at":"2021-12-18T21:43:40.223Z","user_id":1243838,"comment_id":3720484,"taggable_id":69735311,"taggable_type":"Subject","project_id":12268,"user_login":"marie.eklidvirginmedia.com"},{"id":3335393,"name":"different_rank","section":"project-12268","created_at":"2021-12-18T22:00:02.948Z","user_id":1243838,"comment_id":3720496,"taggable_id":null,"taggable_type":null,"project_id":12268,"user_login":"marie.eklidvirginmedia.com"},{"id":3335504,"name":"special-attendee","section":"project-12268","created_at":"2021-12-18T22:49:00.004Z","user_id":1243838,"comment_id":3720605,"taggable_id":69735314,"taggable_type":"Subject","project_id":12268,"user_login":"marie.eklidvirginmedia.com"},{"id":3335505,"name":"different_rank","section":"project-12268","created_at":"2021-12-18T22:49:00.006Z","user_id":1243838,"comment_id":3720605,"taggable_id":69735314,"taggable_type":"Subject","project_id":12268,"user_login":"marie.eklidvirginmedia.com"},{"id":3336774,"name":"captured-french-flag-waterloo","section":"project-12268","created_at":"2021-12-19T15:24:36.391Z","user_id":1243838,"comment_id":3720646,"taggable_id":69735316,"taggable_type":"Subject","project_id":12268,"user_login":"marie.eklidvirginmedia.com"},{"id":3336853,"name":"special-attendee","section":"project-12268","created_at":"2021-12-19T16:09:26.723Z","user_id":1243838,"comment_id":3721920,"taggable_id":69735319,"taggable_type":"Subject","project_id":12268,"user_login":"marie.eklidvirginmedia.com"},{"id":3336972,"name":"special-attendee","section":"project-12268","created_at":"2021-12-19T17:06:35.153Z","user_id":1243838,"comment_id":3722028,"taggable_id":69735338,"taggable_type":"Subject","project_id":12268,"user_login":"marie.eklidvirginmedia.com"},{"id":3337548,"name":"special-attendee","section":"project-12268","created_at":"2021-12-19T21:34:36.174Z","user_id":1243838,"comment_id":3722489,"taggable_id":69735344,"taggable_type":"Subject","project_id":12268,"user_login":"marie.eklidvirginmedia.com"},{"id":3337588,"name":"special-attendee","section":"project-12268","created_at":"2021-12-19T22:00:55.740Z","user_id":1243838,"comment_id":3722534,"taggable_id":69735347,"taggable_type":"Subject","project_id":12268,"user_login":"marie.eklidvirginmedia.com"},{"id":3337615,"name":"different_rank","section":"project-12268","created_at":"2021-12-19T22:41:28.367Z","user_id":1243838,"comment_id":3722581,"taggable_id":69735350,"taggable_type":"Subject","project_id":12268,"user_login":"marie.eklidvirginmedia.com"},{"id":3339001,"name":"special-attendee","section":"project-12268","created_at":"2021-12-20T16:38:09.853Z","user_id":1243838,"comment_id":3723960,"taggable_id":69735353,"taggable_type":"Subject","project_id":12268,"user_login":"marie.eklidvirginmedia.com"},{"id":3339002,"name":"different_rank","section":"project-12268","created_at":"2021-12-20T16:38:09.855Z","user_id":1243838,"comment_id":3723960,"taggable_id":69735353,"taggable_type":"Subject","project_id":12268,"user_login":"marie.eklidvirginmedia.com"},{"id":3339060,"name":"special-attendee","section":"project-12268","created_at":"2021-12-20T17:08:57.507Z","user_id":1243838,"comment_id":3724012,"taggable_id":69735356,"taggable_type":"Subject","project_id":12268,"user_login":"marie.eklidvirginmedia.com"},{"id":3339061,"name":"different_rank","section":"project-12268","created_at":"2021-12-20T17:08:57.510Z","user_id":1243838,"comment_id":3724012,"taggable_id":69735356,"taggable_type":"Subject","project_id":12268,"user_login":"marie.eklidvirginmedia.com"},{"id":3339705,"name":"correction","section":"project-12268","created_at":"2021-12-20T23:29:14.184Z","user_id":1243838,"comment_id":3724709,"taggable_id":69735371,"taggable_type":"Subject","project_id":12268,"user_login":"marie.eklidvirginmedia.com"},{"id":3340176,"name":"suicide","section":"project-12268","created_at":"2021-12-21T05:38:23.092Z","user_id":1346129,"comment_id":3725165,"taggable_id":69736348,"taggable_type":"Subject","project_id":12268,"user_login":"LimaZulu"},{"id":3340177,"name":"temporary-insanity","section":"project-12268","created_at":"2021-12-21T05:38:23.094Z","user_id":1346129,"comment_id":3725165,"taggable_id":69736348,"taggable_type":"Subject","project_id":12268,"user_login":"LimaZulu"},{"id":3340201,"name":"misconduct","section":"project-12268","created_at":"2021-12-21T06:16:08.065Z","user_id":1346129,"comment_id":3725192,"taggable_id":69736347,"taggable_type":"Subject","project_id":12268,"user_login":"LimaZulu"},{"id":3340246,"name":"air-raid","section":"project-12268","created_at":"2021-12-21T07:27:02.142Z","user_id":1346129,"comment_id":3725256,"taggable_id":69736346,"taggable_type":"Subject","project_id":12268,"user_login":"LimaZulu"},{"id":3341174,"name":"special-attendee","section":"project-12268","created_at":"2021-12-21T17:18:21.906Z","user_id":1243838,"comment_id":3726171,"taggable_id":69735373,"taggable_type":"Subject","project_id":12268,"user_login":"marie.eklidvirginmedia.com"},{"id":3341175,"name":"different_rank","section":"project-12268","created_at":"2021-12-21T17:18:21.909Z","user_id":1243838,"comment_id":3726171,"taggable_id":69735373,"taggable_type":"Subject","project_id":12268,"user_login":"marie.eklidvirginmedia.com"},{"id":3341654,"name":"special-attendee","section":"project-12268","created_at":"2021-12-21T22:33:09.654Z","user_id":1243838,"comment_id":3726703,"taggable_id":69735376,"taggable_type":"Subject","project_id":12268,"user_login":"marie.eklidvirginmedia.com"},{"id":3341655,"name":"different_rank","section":"project-12268","created_at":"2021-12-21T22:33:09.657Z","user_id":1243838,"comment_id":3726703,"taggable_id":69735376,"taggable_type":"Subject","project_id":12268,"user_login":"marie.eklidvirginmedia.com"},{"id":3341673,"name":"special-attendee","section":"project-12268","created_at":"2021-12-21T22:44:09.193Z","user_id":1243838,"comment_id":3726720,"taggable_id":69735377,"taggable_type":"Subject","project_id":12268,"user_login":"marie.eklidvirginmedia.com"},{"id":3341674,"name":"different_rank","section":"project-12268","created_at":"2021-12-21T22:44:09.196Z","user_id":1243838,"comment_id":3726720,"taggable_id":69735377,"taggable_type":"Subject","project_id":12268,"user_login":"marie.eklidvirginmedia.com"},{"id":3341716,"name":"story","section":"project-12268","created_at":"2021-12-21T23:26:48.694Z","user_id":1243838,"comment_id":3726766,"taggable_id":69735378,"taggable_type":"Subject","project_id":12268,"user_login":"marie.eklidvirginmedia.com"},{"id":3341756,"name":"special-attendee","section":"project-12268","created_at":"2021-12-21T23:47:38.109Z","user_id":1243838,"comment_id":3726793,"taggable_id":69735380,"taggable_type":"Subject","project_id":12268,"user_login":"marie.eklidvirginmedia.com"},{"id":3341757,"name":"different_rank","section":"project-12268","created_at":"2021-12-21T23:47:38.111Z","user_id":1243838,"comment_id":3726793,"taggable_id":69735380,"taggable_type":"Subject","project_id":12268,"user_login":"marie.eklidvirginmedia.com"},{"id":3343833,"name":"special-attendee","section":"project-12268","created_at":"2021-12-22T20:33:42.171Z","user_id":1243838,"comment_id":3728734,"taggable_id":69735383,"taggable_type":"Subject","project_id":12268,"user_login":"marie.eklidvirginmedia.com"},{"id":3343834,"name":"different_rank","section":"project-12268","created_at":"2021-12-22T20:33:42.174Z","user_id":1243838,"comment_id":3728734,"taggable_id":69735383,"taggable_type":"Subject","project_id":12268,"user_login":"marie.eklidvirginmedia.com"},{"id":3344218,"name":"special-attendee","section":"project-12268","created_at":"2021-12-22T23:05:29.818Z","user_id":1243838,"comment_id":3729059,"taggable_id":69735386,"taggable_type":"Subject","project_id":12268,"user_login":"marie.eklidvirginmedia.com"},{"id":3344219,"name":"different_rank","section":"project-12268","created_at":"2021-12-22T23:05:29.820Z","user_id":1243838,"comment_id":3729059,"taggable_id":69735386,"taggable_type":"Subject","project_id":12268,"user_login":"marie.eklidvirginmedia.com"},{"id":3344336,"name":"special-attendee","section":"project-12268","created_at":"2021-12-22T23:41:49.115Z","user_id":1243838,"comment_id":3729152,"taggable_id":69735390,"taggable_type":"Subject","project_id":12268,"user_login":"marie.eklidvirginmedia.com"},{"id":3344337,"name":"different_rank","section":"project-12268","created_at":"2021-12-22T23:41:49.119Z","user_id":1243838,"comment_id":3729152,"taggable_id":69735390,"taggable_type":"Subject","project_id":12268,"user_login":"marie.eklidvirginmedia.com"},{"id":3344768,"name":"specialattendee","section":"project-12268","created_at":"2021-12-23T03:23:16.891Z","user_id":2402340,"comment_id":3729511,"taggable_id":69735418,"taggable_type":"Subject","project_id":12268,"user_login":"sheila44"},{"id":3346510,"name":"special-attendee","section":"project-12268","created_at":"2021-12-23T21:04:03.421Z","user_id":1243838,"comment_id":3731240,"taggable_id":69735395,"taggable_type":"Subject","project_id":12268,"user_login":"marie.eklidvirginmedia.com"},{"id":3346511,"name":"different_rank","section":"project-12268","created_at":"2021-12-23T21:04:03.423Z","user_id":1243838,"comment_id":3731240,"taggable_id":69735395,"taggable_type":"Subject","project_id":12268,"user_login":"marie.eklidvirginmedia.com"},{"id":3346621,"name":"special-attendee","section":"project-12268","created_at":"2021-12-23T22:09:42.810Z","user_id":1243838,"comment_id":3731399,"taggable_id":69735399,"taggable_type":"Subject","project_id":12268,"user_login":"marie.eklidvirginmedia.com"},{"id":3348359,"name":"insane-case","section":"project-12268","created_at":"2021-12-24T19:34:52.787Z","user_id":1243838,"comment_id":3733251,"taggable_id":69735422,"taggable_type":"Subject","project_id":12268,"user_login":"marie.eklidvirginmedia.com"},{"id":3348370,"name":"special-attendee","section":"project-12268","created_at":"2021-12-24T19:43:55.361Z","user_id":1243838,"comment_id":3733268,"taggable_id":69735423,"taggable_type":"Subject","project_id":12268,"user_login":"marie.eklidvirginmedia.com"},{"id":3348371,"name":"different_rank","section":"project-12268","created_at":"2021-12-24T19:43:55.363Z","user_id":1243838,"comment_id":3733268,"taggable_id":69735423,"taggable_type":"Subject","project_id":12268,"user_login":"marie.eklidvirginmedia.com"},{"id":3348508,"name":"special-attendee","section":"project-12268","created_at":"2021-12-24T20:39:26.891Z","user_id":1243838,"comment_id":3733392,"taggable_id":69735426,"taggable_type":"Subject","project_id":12268,"user_login":"marie.eklidvirginmedia.com"},{"id":3348509,"name":"different_rank","section":"project-12268","created_at":"2021-12-24T20:39:26.893Z","user_id":1243838,"comment_id":3733392,"taggable_id":69735426,"taggable_type":"Subject","project_id":12268,"user_login":"marie.eklidvirginmedia.com"},{"id":3351970,"name":"special-attendee","section":"project-12268","created_at":"2021-12-26T19:55:59.049Z","user_id":1243838,"comment_id":3736733,"taggable_id":69735429,"taggable_type":"Subject","project_id":12268,"user_login":"marie.eklidvirginmedia.com"},{"id":3351971,"name":"different_rank","section":"project-12268","created_at":"2021-12-26T19:55:59.052Z","user_id":1243838,"comment_id":3736733,"taggable_id":69735429,"taggable_type":"Subject","project_id":12268,"user_login":"marie.eklidvirginmedia.com"},{"id":3351997,"name":"special-attendee","section":"project-12268","created_at":"2021-12-26T20:14:20.691Z","user_id":1243838,"comment_id":3736761,"taggable_id":69735431,"taggable_type":"Subject","project_id":12268,"user_login":"marie.eklidvirginmedia.com"},{"id":3352291,"name":"correction","section":"project-12268","created_at":"2021-12-26T23:23:07.863Z","user_id":1243838,"comment_id":3737060,"taggable_id":69735434,"taggable_type":"Subject","project_id":12268,"user_login":"marie.eklidvirginmedia.com"},{"id":3352292,"name":"special-attendee","section":"project-12268","created_at":"2021-12-26T23:23:07.866Z","user_id":1243838,"comment_id":3737060,"taggable_id":69735434,"taggable_type":"Subject","project_id":12268,"user_login":"marie.eklidvirginmedia.com"},{"id":3353682,"name":"special-attendee","section":"project-12268","created_at":"2021-12-27T16:04:27.696Z","user_id":1243838,"comment_id":3738374,"taggable_id":69735439,"taggable_type":"Subject","project_id":12268,"user_login":"marie.eklidvirginmedia.com"},{"id":3353974,"name":"contract","section":"project-12268","created_at":"2021-12-27T18:07:35.397Z","user_id":1998126,"comment_id":3738667,"taggable_id":69735424,"taggable_type":"Subject","project_id":12268,"user_login":"Loyloy"},{"id":3354225,"name":"deceptivewriting","section":"project-12268","created_at":"2021-12-27T20:19:39.872Z","user_id":2402340,"comment_id":3738939,"taggable_id":69735433,"taggable_type":"Subject","project_id":12268,"user_login":"sheila44"},{"id":3354382,"name":"deceptivewriting","section":"project-12268","created_at":"2021-12-27T21:57:21.922Z","user_id":2402340,"comment_id":3739173,"taggable_id":69735435,"taggable_type":"Subject","project_id":12268,"user_login":"sheila44"},{"id":3356994,"name":"deceptivewriting","section":"project-12268","created_at":"2021-12-28T22:52:17.225Z","user_id":2402340,"comment_id":3741973,"taggable_id":69735531,"taggable_type":"Subject","project_id":12268,"user_login":"sheila44"},{"id":3356995,"name":"tables","section":"project-12268","created_at":"2021-12-28T22:52:17.227Z","user_id":2402340,"comment_id":3741973,"taggable_id":69735531,"taggable_type":"Subject","project_id":12268,"user_login":"sheila44"},{"id":3358426,"name":"casualty-of-ww1","section":"project-12268","created_at":"2021-12-29T15:50:51.146Z","user_id":1243838,"comment_id":3743467,"taggable_id":69735540,"taggable_type":"Subject","project_id":12268,"user_login":"marie.eklidvirginmedia.com"},{"id":3358462,"name":"special-attendee","section":"project-12268","created_at":"2021-12-29T15:59:28.749Z","user_id":1243838,"comment_id":3743485,"taggable_id":69735542,"taggable_type":"Subject","project_id":12268,"user_login":"marie.eklidvirginmedia.com"},{"id":3358509,"name":"death","section":"project-12268","created_at":"2021-12-29T16:10:31.105Z","user_id":1243838,"comment_id":3743507,"taggable_id":69735543,"taggable_type":"Subject","project_id":12268,"user_login":"marie.eklidvirginmedia.com"},{"id":3358748,"name":"correction","section":"project-12268","created_at":"2021-12-29T17:39:01.778Z","user_id":1243838,"comment_id":3743698,"taggable_id":69735561,"taggable_type":"Subject","project_id":12268,"user_login":"marie.eklidvirginmedia.com"},{"id":3359085,"name":"special-attendee","section":"project-12268","created_at":"2021-12-29T19:28:47.821Z","user_id":1243838,"comment_id":3744030,"taggable_id":69735573,"taggable_type":"Subject","project_id":12268,"user_login":"marie.eklidvirginmedia.com"},{"id":3359093,"name":"insane-case","section":"project-12268","created_at":"2021-12-29T19:38:58.624Z","user_id":1243838,"comment_id":3744040,"taggable_id":69735574,"taggable_type":"Subject","project_id":12268,"user_login":"marie.eklidvirginmedia.com"},{"id":3359099,"name":"special-attendee","section":"project-12268","created_at":"2021-12-29T19:42:19.056Z","user_id":1243838,"comment_id":3744050,"taggable_id":69735575,"taggable_type":"Subject","project_id":12268,"user_login":"marie.eklidvirginmedia.com"},{"id":3359129,"name":"special-attendee","section":"project-12268","created_at":"2021-12-29T20:01:21.730Z","user_id":1243838,"comment_id":3744089,"taggable_id":69735577,"taggable_type":"Subject","project_id":12268,"user_login":"marie.eklidvirginmedia.com"},{"id":3359428,"name":"special-attendee","section":"project-12268","created_at":"2021-12-29T22:43:04.678Z","user_id":1243838,"comment_id":3744442,"taggable_id":69735581,"taggable_type":"Subject","project_id":12268,"user_login":"marie.eklidvirginmedia.com"},{"id":3359979,"name":"suicide","section":"project-12268","created_at":"2021-12-30T04:16:27.375Z","user_id":1346129,"comment_id":3745058,"taggable_id":69736338,"taggable_type":"Subject","project_id":12268,"user_login":"LimaZulu"},{"id":3361547,"name":"special-attendee","section":"project-12268","created_at":"2021-12-30T19:45:08.887Z","user_id":1243838,"comment_id":3746781,"taggable_id":69735615,"taggable_type":"Subject","project_id":12268,"user_login":"marie.eklidvirginmedia.com"},{"id":3361620,"name":"death","section":"project-12268","created_at":"2021-12-30T20:06:47.548Z","user_id":1243838,"comment_id":3746890,"taggable_id":69735617,"taggable_type":"Subject","project_id":12268,"user_login":"marie.eklidvirginmedia.com"},{"id":3361962,"name":"special-attendee","section":"project-12268","created_at":"2021-12-30T22:42:17.683Z","user_id":1243838,"comment_id":3747288,"taggable_id":69735619,"taggable_type":"Subject","project_id":12268,"user_login":"marie.eklidvirginmedia.com"},{"id":3361977,"name":"special-attendee","section":"project-12268","created_at":"2021-12-30T23:03:57.429Z","user_id":1243838,"comment_id":3747320,"taggable_id":69735623,"taggable_type":"Subject","project_id":12268,"user_login":"marie.eklidvirginmedia.com"},{"id":3363627,"name":"casualty-ww1","section":"project-12268","created_at":"2021-12-31T17:53:28.983Z","user_id":1243838,"comment_id":3749258,"taggable_id":69735635,"taggable_type":"Subject","project_id":12268,"user_login":"marie.eklidvirginmedia.com"},{"id":3368293,"name":"complicated-table","section":"project-12268","created_at":"2022-01-02T19:14:19.398Z","user_id":1243838,"comment_id":3753861,"taggable_id":69735675,"taggable_type":"Subject","project_id":12268,"user_login":"marie.eklidvirginmedia.com"},{"id":3368294,"name":"artificial-limbs","section":"project-12268","created_at":"2022-01-02T19:14:19.401Z","user_id":1243838,"comment_id":3753861,"taggable_id":69735675,"taggable_type":"Subject","project_id":12268,"user_login":"marie.eklidvirginmedia.com"},{"id":3369339,"name":"special-attendee","section":"project-12268","created_at":"2022-01-03T05:20:41.650Z","user_id":1346129,"comment_id":3754859,"taggable_id":69736092,"taggable_type":"Subject","project_id":12268,"user_login":"LimaZulu"},{"id":3369863,"name":"nonstandardpage","section":"project-12268","created_at":"2022-01-03T12:37:25.376Z","user_id":2402162,"comment_id":3755359,"taggable_id":69735676,"taggable_type":"Subject","project_id":12268,"user_login":"franDec21"},{"id":3370486,"name":"special-attendee","section":"project-12268","created_at":"2022-01-03T16:31:06.939Z","user_id":1243838,"comment_id":3756023,"taggable_id":69735684,"taggable_type":"Subject","project_id":12268,"user_login":"marie.eklidvirginmedia.com"},{"id":3370665,"name":"artificial-limbs","section":"project-12268","created_at":"2022-01-03T17:27:56.063Z","user_id":1243838,"comment_id":3756204,"taggable_id":69735687,"taggable_type":"Subject","project_id":12268,"user_login":"marie.eklidvirginmedia.com"},{"id":3370721,"name":"insane-case","section":"project-12268","created_at":"2022-01-03T17:43:53.821Z","user_id":1243838,"comment_id":3756239,"taggable_id":69735691,"taggable_type":"Subject","project_id":12268,"user_login":"marie.eklidvirginmedia.com"},{"id":3371972,"name":"special-attendee","section":"project-12268","created_at":"2022-01-04T05:32:59.998Z","user_id":1346129,"comment_id":3757466,"taggable_id":69736333,"taggable_type":"Subject","project_id":12268,"user_login":"LimaZulu"},{"id":3372246,"name":"artificial-limbs","section":"project-12268","created_at":"2022-01-04T11:32:11.779Z","user_id":2402162,"comment_id":3757798,"taggable_id":69735695,"taggable_type":"Subject","project_id":12268,"user_login":"franDec21"},{"id":3372247,"name":"artificial-limbs","section":"project-12268","created_at":"2022-01-04T11:33:49.649Z","user_id":2402162,"comment_id":3757801,"taggable_id":69735669,"taggable_type":"Subject","project_id":12268,"user_login":"franDec21"},{"id":3373428,"name":"correction","section":"project-12268","created_at":"2022-01-04T21:32:53.048Z","user_id":1243838,"comment_id":3759187,"taggable_id":69735689,"taggable_type":"Subject","project_id":12268,"user_login":"marie.eklidvirginmedia.com"},{"id":3377078,"name":"tricky-writing","section":"project-12268","created_at":"2022-01-06T12:09:57.387Z","user_id":2076336,"comment_id":3763135,"taggable_id":69735571,"taggable_type":"Subject","project_id":12268,"user_login":"bogden"},{"id":3377108,"name":"disease","section":"project-12268","created_at":"2022-01-06T12:22:08.605Z","user_id":2076336,"comment_id":3763151,"taggable_id":69735491,"taggable_type":"Subject","project_id":12268,"user_login":"bogden"},{"id":3377117,"name":"suppliers","section":"project-12268","created_at":"2022-01-06T12:25:41.018Z","user_id":2076336,"comment_id":3763157,"taggable_id":69735435,"taggable_type":"Subject","project_id":12268,"user_login":"bogden"},{"id":3377141,"name":"legacies","section":"project-12268","created_at":"2022-01-06T12:36:45.280Z","user_id":2076336,"comment_id":3763176,"taggable_id":69735396,"taggable_type":"Subject","project_id":12268,"user_login":"bogden"},{"id":3377147,"name":"tricky-writing","section":"project-12268","created_at":"2022-01-06T12:41:57.431Z","user_id":2076336,"comment_id":3763184,"taggable_id":69735417,"taggable_type":"Subject","project_id":12268,"user_login":"bogden"},{"id":3377271,"name":"correction","section":"project-12268","created_at":"2022-01-06T14:10:30.128Z","user_id":2076336,"comment_id":3763332,"taggable_id":69735731,"taggable_type":"Subject","project_id":12268,"user_login":"bogden"},{"id":3377594,"name":"biography","section":"project-12268","created_at":"2022-01-06T16:23:03.999Z","user_id":2076336,"comment_id":3763681,"taggable_id":69736355,"taggable_type":"Subject","project_id":12268,"user_login":"bogden"},{"id":3378535,"name":"disease","section":"project-12268","created_at":"2022-01-06T23:35:39.157Z","user_id":1243838,"comment_id":3764630,"taggable_id":69735807,"taggable_type":"Subject","project_id":12268,"user_login":"marie.eklidvirginmedia.com"},{"id":3378568,"name":"special-attendee","section":"project-12268","created_at":"2022-01-07T00:10:23.204Z","user_id":1243838,"comment_id":3764673,"taggable_id":69735812,"taggable_type":"Subject","project_id":12268,"user_login":"marie.eklidvirginmedia.com"},{"id":3378579,"name":"special-attendee","section":"project-12268","created_at":"2022-01-07T00:19:22.996Z","user_id":1243838,"comment_id":3764686,"taggable_id":69735814,"taggable_type":"Subject","project_id":12268,"user_login":"marie.eklidvirginmedia.com"},{"id":3380147,"name":"artificial-limbs","section":"project-12268","created_at":"2022-01-07T18:12:07.455Z","user_id":2402162,"comment_id":3766462,"taggable_id":69735826,"taggable_type":"Subject","project_id":12268,"user_login":"franDec21"},{"id":3380176,"name":"special-attendee","section":"project-12268","created_at":"2022-01-07T18:33:45.751Z","user_id":1243838,"comment_id":3766525,"taggable_id":69735825,"taggable_type":"Subject","project_id":12268,"user_login":"marie.eklidvirginmedia.com"},{"id":3380533,"name":"specialattendee","section":"project-12268","created_at":"2022-01-07T21:04:46.651Z","user_id":2402340,"comment_id":3766906,"taggable_id":69735825,"taggable_type":"Subject","project_id":12268,"user_login":"sheila44"},{"id":3380534,"name":"special-attendee","section":"project-12268","created_at":"2022-01-07T21:04:46.653Z","user_id":2402340,"comment_id":3766906,"taggable_id":69735825,"taggable_type":"Subject","project_id":12268,"user_login":"sheila44"},{"id":3380764,"name":"disease","section":"project-12268","created_at":"2022-01-07T22:59:57.932Z","user_id":1243838,"comment_id":3767153,"taggable_id":69735854,"taggable_type":"Subject","project_id":12268,"user_login":"marie.eklidvirginmedia.com"},{"id":3381172,"name":"special-attendee","section":"project-12268","created_at":"2022-01-08T03:41:46.697Z","user_id":1346129,"comment_id":3767588,"taggable_id":69736330,"taggable_type":"Subject","project_id":12268,"user_login":"LimaZulu"},{"id":3382517,"name":"special-attendee","section":"project-12268","created_at":"2022-01-08T17:09:42.131Z","user_id":1243838,"comment_id":3768896,"taggable_id":69735860,"taggable_type":"Subject","project_id":12268,"user_login":"marie.eklidvirginmedia.com"},{"id":3382584,"name":"special-attendee","section":"project-12268","created_at":"2022-01-08T17:38:04.744Z","user_id":1243838,"comment_id":3768963,"taggable_id":69735863,"taggable_type":"Subject","project_id":12268,"user_login":"marie.eklidvirginmedia.com"},{"id":3382934,"name":"artificial-limbs","section":"project-12268","created_at":"2022-01-08T21:07:38.169Z","user_id":2402162,"comment_id":3769389,"taggable_id":69735861,"taggable_type":"Subject","project_id":12268,"user_login":"franDec21"},{"id":3385135,"name":"special-attendee","section":"project-12268","created_at":"2022-01-09T18:27:09.781Z","user_id":1243838,"comment_id":3771576,"taggable_id":69735876,"taggable_type":"Subject","project_id":12268,"user_login":"marie.eklidvirginmedia.com"},{"id":3385206,"name":"special-attendee","section":"project-12268","created_at":"2022-01-09T19:06:34.878Z","user_id":1243838,"comment_id":3771641,"taggable_id":69735893,"taggable_type":"Subject","project_id":12268,"user_login":"marie.eklidvirginmedia.com"},{"id":3385239,"name":"special-attendee","section":"project-12268","created_at":"2022-01-09T19:33:05.180Z","user_id":1243838,"comment_id":3771682,"taggable_id":69735896,"taggable_type":"Subject","project_id":12268,"user_login":"marie.eklidvirginmedia.com"},{"id":3385610,"name":"special-attendee","section":"project-12268","created_at":"2022-01-09T22:32:20.185Z","user_id":1243838,"comment_id":3772081,"taggable_id":69735899,"taggable_type":"Subject","project_id":12268,"user_login":"marie.eklidvirginmedia.com"},{"id":3385627,"name":"special-attendee","section":"project-12268","created_at":"2022-01-09T22:40:14.047Z","user_id":1243838,"comment_id":3772101,"taggable_id":69735901,"taggable_type":"Subject","project_id":12268,"user_login":"marie.eklidvirginmedia.com"},{"id":3386463,"name":"awards","section":"project-12268","created_at":"2022-01-10T11:16:23.779Z","user_id":2076336,"comment_id":3772981,"taggable_id":69735879,"taggable_type":"Subject","project_id":12268,"user_login":"bogden"},{"id":3386464,"name":"correction","section":"project-12268","created_at":"2022-01-10T11:18:51.847Z","user_id":2076336,"comment_id":3772983,"taggable_id":69735871,"taggable_type":"Subject","project_id":12268,"user_login":"bogden"},{"id":3386469,"name":"different_rank","section":"project-12268","created_at":"2022-01-10T11:21:19.051Z","user_id":2076336,"comment_id":3772990,"taggable_id":69736317,"taggable_type":"Subject","project_id":12268,"user_login":"bogden"},{"id":3387030,"name":"special-attendee","section":"project-12268","created_at":"2022-01-10T16:51:45.772Z","user_id":1243838,"comment_id":3773671,"taggable_id":69735906,"taggable_type":"Subject","project_id":12268,"user_login":"marie.eklidvirginmedia.com"},{"id":3387083,"name":"army-enlistment","section":"project-12268","created_at":"2022-01-10T17:11:21.144Z","user_id":1243838,"comment_id":3773719,"taggable_id":69735908,"taggable_type":"Subject","project_id":12268,"user_login":"marie.eklidvirginmedia.com"},{"id":3387135,"name":"special-attendee","section":"project-12268","created_at":"2022-01-10T17:33:44.383Z","user_id":1243838,"comment_id":3773771,"taggable_id":69735910,"taggable_type":"Subject","project_id":12268,"user_login":"marie.eklidvirginmedia.com"},{"id":3387489,"name":"specialattendee","section":"project-12268","created_at":"2022-01-10T20:29:20.222Z","user_id":2402340,"comment_id":3774215,"taggable_id":69735915,"taggable_type":"Subject","project_id":12268,"user_login":"sheila44"},{"id":3387490,"name":"special-attendee","section":"project-12268","created_at":"2022-01-10T20:29:20.224Z","user_id":2402340,"comment_id":3774215,"taggable_id":69735915,"taggable_type":"Subject","project_id":12268,"user_login":"sheila44"},{"id":3389847,"name":"special-attendee","section":"project-12268","created_at":"2022-01-11T21:58:48.017Z","user_id":1243838,"comment_id":3776719,"taggable_id":69735922,"taggable_type":"Subject","project_id":12268,"user_login":"marie.eklidvirginmedia.com"},{"id":3390385,"name":"marriage","section":"project-12268","created_at":"2022-01-12T04:49:02.914Z","user_id":1346129,"comment_id":3777309,"taggable_id":69736325,"taggable_type":"Subject","project_id":12268,"user_login":"LimaZulu"},{"id":3390480,"name":"special-attendee","section":"project-12268","created_at":"2022-01-12T06:17:55.968Z","user_id":1346129,"comment_id":3777417,"taggable_id":69736322,"taggable_type":"Subject","project_id":12268,"user_login":"LimaZulu"},{"id":3390702,"name":"buildings","section":"project-12268","created_at":"2022-01-12T09:54:19.899Z","user_id":2076336,"comment_id":3777680,"taggable_id":69735920,"taggable_type":"Subject","project_id":12268,"user_login":"bogden"},{"id":3391176,"name":"black-jacks","section":"project-12268","created_at":"2022-01-12T15:39:07.181Z","user_id":2008708,"comment_id":3778193,"taggable_id":69736032,"taggable_type":"Subject","project_id":12268,"user_login":"Philippa25"},{"id":3391460,"name":"artificial-limbs","section":"project-12268","created_at":"2022-01-12T17:23:31.626Z","user_id":1243838,"comment_id":3778420,"taggable_id":69735946,"taggable_type":"Subject","project_id":12268,"user_login":"marie.eklidvirginmedia.com"},{"id":3393475,"name":"buildings","section":"project-12268","created_at":"2022-01-13T18:14:51.752Z","user_id":2412168,"comment_id":3780787,"taggable_id":69736127,"taggable_type":"Subject","project_id":12268,"user_login":"hbr55"},{"id":3396195,"name":"special-attendee","section":"project-12268","created_at":"2022-01-14T22:19:52.411Z","user_id":1243838,"comment_id":3783793,"taggable_id":69736010,"taggable_type":"Subject","project_id":12268,"user_login":"marie.eklidvirginmedia.com"},{"id":3396203,"name":"specialattendee","section":"project-12268","created_at":"2022-01-14T22:27:43.992Z","user_id":2402340,"comment_id":3783808,"taggable_id":69736010,"taggable_type":"Subject","project_id":12268,"user_login":"sheila44"},{"id":3396204,"name":"special-attendee","section":"project-12268","created_at":"2022-01-14T22:27:43.994Z","user_id":2402340,"comment_id":3783808,"taggable_id":69736010,"taggable_type":"Subject","project_id":12268,"user_login":"sheila44"},{"id":3396298,"name":"deceptivewriting","section":"project-12268","created_at":"2022-01-14T23:45:38.042Z","user_id":2412168,"comment_id":3783915,"taggable_id":69736261,"taggable_type":"Subject","project_id":12268,"user_login":"hbr55"},{"id":3397555,"name":"insane-case","section":"project-12268","created_at":"2022-01-15T17:09:14.627Z","user_id":1243838,"comment_id":3785436,"taggable_id":69736050,"taggable_type":"Subject","project_id":12268,"user_login":"marie.eklidvirginmedia.com"},{"id":3397586,"name":"funerals-payments","section":"project-12268","created_at":"2022-01-15T17:30:38.760Z","user_id":1243838,"comment_id":3785501,"taggable_id":69736052,"taggable_type":"Subject","project_id":12268,"user_login":"marie.eklidvirginmedia.com"},{"id":3398419,"name":"buildings","section":"project-12268","created_at":"2022-01-15T23:29:45.029Z","user_id":1243838,"comment_id":3786377,"taggable_id":69736085,"taggable_type":"Subject","project_id":12268,"user_login":"marie.eklidvirginmedia.com"},{"id":3398546,"name":"funerals-payments","section":"project-12268","created_at":"2022-01-16T00:13:38.459Z","user_id":1243838,"comment_id":3786487,"taggable_id":69736086,"taggable_type":"Subject","project_id":12268,"user_login":"marie.eklidvirginmedia.com"},{"id":3400138,"name":"special-attendee","section":"project-12268","created_at":"2022-01-16T18:14:20.703Z","user_id":2402162,"comment_id":3787838,"taggable_id":69736162,"taggable_type":"Subject","project_id":12268,"user_login":"franDec21"},{"id":3400217,"name":"special-attendee","section":"project-12268","created_at":"2022-01-16T18:57:39.567Z","user_id":2402162,"comment_id":3787925,"taggable_id":69736164,"taggable_type":"Subject","project_id":12268,"user_login":"franDec21"},{"id":3400516,"name":"accidental-shooting","section":"project-12268","created_at":"2022-01-16T22:52:11.835Z","user_id":1243838,"comment_id":3788291,"taggable_id":69736160,"taggable_type":"Subject","project_id":12268,"user_login":"marie.eklidvirginmedia.com"},{"id":3400799,"name":"complicated-table","section":"project-12268","created_at":"2022-01-17T06:49:11.600Z","user_id":1346129,"comment_id":3788789,"taggable_id":69736326,"taggable_type":"Subject","project_id":12268,"user_login":"LimaZulu"},{"id":3400862,"name":"special-attendee","section":"project-12268","created_at":"2022-01-17T08:27:16.298Z","user_id":1346129,"comment_id":3788885,"taggable_id":69736284,"taggable_type":"Subject","project_id":12268,"user_login":"LimaZulu"},{"id":3401394,"name":"special-attendee","section":"project-12268","created_at":"2022-01-17T15:05:01.872Z","user_id":1243838,"comment_id":3789404,"taggable_id":69736168,"taggable_type":"Subject","project_id":12268,"user_login":"marie.eklidvirginmedia.com"},{"id":3401515,"name":"buildings","section":"project-12268","created_at":"2022-01-17T15:54:39.590Z","user_id":1243838,"comment_id":3789510,"taggable_id":69736172,"taggable_type":"Subject","project_id":12268,"user_login":"marie.eklidvirginmedia.com"},{"id":3401516,"name":"bomb-damage","section":"project-12268","created_at":"2022-01-17T15:54:39.592Z","user_id":1243838,"comment_id":3789510,"taggable_id":69736172,"taggable_type":"Subject","project_id":12268,"user_login":"marie.eklidvirginmedia.com"},{"id":3401571,"name":"medal-awarded","section":"project-12268","created_at":"2022-01-17T16:23:10.508Z","user_id":1243838,"comment_id":3789585,"taggable_id":69736173,"taggable_type":"Subject","project_id":12268,"user_login":"marie.eklidvirginmedia.com"},{"id":3401839,"name":"death","section":"project-12268","created_at":"2022-01-17T17:41:25.339Z","user_id":1243838,"comment_id":3789838,"taggable_id":69736180,"taggable_type":"Subject","project_id":12268,"user_login":"marie.eklidvirginmedia.com"},{"id":3401873,"name":"accidental-shooting","section":"project-12268","created_at":"2022-01-17T17:50:23.476Z","user_id":1243838,"comment_id":3789868,"taggable_id":null,"taggable_type":null,"project_id":12268,"user_login":"marie.eklidvirginmedia.com"},{"id":3402512,"name":"special-attendee","section":"project-12268","created_at":"2022-01-17T23:00:14.590Z","user_id":1243838,"comment_id":3790502,"taggable_id":69736184,"taggable_type":"Subject","project_id":12268,"user_login":"marie.eklidvirginmedia.com"},{"id":3403682,"name":"misconduct","section":"project-12268","created_at":"2022-01-18T15:00:32.860Z","user_id":1243838,"comment_id":3791690,"taggable_id":69736186,"taggable_type":"Subject","project_id":12268,"user_login":"marie.eklidvirginmedia.com"},{"id":3403802,"name":"special-attendee","section":"project-12268","created_at":"2022-01-18T16:06:22.037Z","user_id":1243838,"comment_id":3791826,"taggable_id":69736227,"taggable_type":"Subject","project_id":12268,"user_login":"marie.eklidvirginmedia.com"},{"id":3403823,"name":"special-attendee","section":"project-12268","created_at":"2022-01-18T16:15:20.244Z","user_id":1243838,"comment_id":3791848,"taggable_id":69736229,"taggable_type":"Subject","project_id":12268,"user_login":"marie.eklidvirginmedia.com"},{"id":3403867,"name":"special-attendee","section":"project-12268","created_at":"2022-01-18T16:50:47.283Z","user_id":1243838,"comment_id":3791902,"taggable_id":69736234,"taggable_type":"Subject","project_id":12268,"user_login":"marie.eklidvirginmedia.com"}]
